id,first_name,last_name,email,gender,address
1,Sidnee,Gallard,sgallard0@360.cn,Male,07358 Nelson Junction
2,Joscelin,Wager,jwager1@army.mil,Agender,88 Russell Pass
3,Noelani,Jacquemot,njacquemot2@cloudflare.com,Female,613 Dovetail Center
4,Liesa,Hamby,lhamby3@wp.com,Female,18854 Oneill Avenue
5,Franky,Dunphie,fdunphie4@wired.com,Polygender,9 Scott Plaza
6,Britteny,Manifield,bmanifield5@bloglovin.com,Female,05358 Steensland Point
7,Griffith,Emmines,gemmines6@so-net.ne.jp,Male,10 Doe Crossing Center
8,Giustino,Trevillion,gtrevillion7@acquirethisname.com,Male,8234 Debs Avenue
9,Leonard,Dimock,ldimock8@sourceforge.net,Genderfluid,59055 Helena Drive
10,Bebe,Mollene,bmollene9@deviantart.com,Female,582 Pankratz Trail
11,Arty,Ricards,aricardsa@forbes.com,Male,098 Londonderry Street
12,Corbie,Kleinhausen,ckleinhausenb@marriott.com,Male,15 Nobel Lane
13,Garth,Claffey,gclaffeyc@youtube.com,Male,15600 Comanche Point
14,Conant,Alenin,calenind@nih.gov,Male,00 Hanson Parkway
15,Loria,Towl,ltowle@theatlantic.com,Female,44262 Bay Pass
16,Tiebout,Hasker,thaskerf@mit.edu,Male,7129 Dapin Road
17,Janean,Mayman,jmaymang@elpais.com,Female,3 Independence Alley
18,Prinz,Custard,pcustardh@usatoday.com,Male,312 Hanover Avenue
19,Dorella,Bateman,dbatemani@slideshare.net,Female,100 Lighthouse Bay Street
20,Zebulon,Barrat,zbarratj@telegraph.co.uk,Male,2 Memorial Road
21,Wilona,Riggert,wriggertk@nhs.uk,Female,403 Corben Parkway
22,Shawn,McNeil,smcneill@berkeley.edu,Male,11 Raven Point
23,Sebastian,Laurie,slauriem@epa.gov,Male,54115 Claremont Lane
24,Yvor,Ambrosini,yambrosinin@theguardian.com,Male,2 Dovetail Park
25,Devy,Hazlehurst,dhazlehursto@answers.com,Male,46 Sunfield Avenue
26,Robin,Atger,ratgerp@berkeley.edu,Male,481 Vahlen Parkway
27,Charis,Dennis,cdennisq@lulu.com,Female,16182 Goodland Hill
28,Ingaborg,Reckus,ireckusr@mac.com,Female,8 Warbler Parkway
29,Vite,Cobley,vcobleys@cnn.com,Male,77729 Ryan Hill
30,Siusan,Cattroll,scattrollt@blogspot.com,Non-binary,2274 Jana Trail
31,Richardo,Andryushchenko,randryushchenkou@pinterest.com,Polygender,0 Steensland Terrace
32,Ulrick,Lunbech,ulunbechv@ibm.com,Male,55449 Del Sol Junction
33,Nananne,Vaudin,nvaudinw@ftc.gov,Female,993 Scofield Terrace
34,Sharyl,Seaborne,sseabornex@mail.ru,Non-binary,5 Service Hill
35,Coralyn,Battey,cbatteyy@eventbrite.com,Female,95 Menomonie Way
36,Andrey,Crowch,acrowchz@free.fr,Male,4 Declaration Circle
37,Ciel,Greensall,cgreensall10@about.me,Female,40579 Kings Crossing
38,Orazio,Jurkiewicz,ojurkiewicz11@nps.gov,Male,42 Lyons Parkway
39,Pail,Foley,pfoley12@elegantthemes.com,Male,2 Bluejay Avenue
40,Calhoun,Glasspool,cglasspool13@mtv.com,Male,16 Arrowood Point
41,Andris,Swigg,aswigg14@slate.com,Male,27 Continental Terrace
42,Catherina,Barens,cbarens15@digg.com,Female,83 Northview Way
43,Nora,Coney,nconey16@eventbrite.com,Genderqueer,60 Ruskin Park
44,Corey,Millions,cmillions17@ucla.edu,Male,38 Independence Hill
45,Daven,Bauman,dbauman18@economist.com,Male,48 Coolidge Court
46,Daveen,Mellon,dmellon19@deliciousdays.com,Bigender,90 Kings Trail
47,Karlik,Baxendale,kbaxendale1a@oaic.gov.au,Male,279 Porter Street
48,Willie,Dowles,wdowles1b@google.nl,Male,39720 Hagan Road
49,Palm,Charleston,pcharleston1c@seattletimes.com,Male,2 Lighthouse Bay Point
50,Palmer,Benfield,pbenfield1d@myspace.com,Male,708 Paget Circle
51,Ruthe,Sifleet,rsifleet1e@moonfruit.com,Bigender,3826 Northview Plaza
52,Jessa,Ruddom,jruddom1f@topsy.com,Female,71981 Longview Parkway
53,Selena,Bothram,sbothram1g@mlb.com,Female,81 Northridge Crossing
54,Modestia,Rennebach,mrennebach1h@umn.edu,Female,883 Warbler Point
55,Fons,Freake,ffreake1i@ask.com,Male,5365 Jana Drive
56,Delly,Fluit,dfluit1j@bloglines.com,Female,1 Birchwood Pass
57,Shalna,Benedyktowicz,sbenedyktowicz1k@yahoo.co.jp,Female,79 Dexter Park
58,Brantley,Turrill,bturrill1l@delicious.com,Male,89 Kipling Way
59,Gage,Hampshire,ghampshire1m@meetup.com,Genderqueer,18751 Schmedeman Court
60,Oates,Churchlow,ochurchlow1n@apple.com,Male,909 Clyde Gallagher Parkway
61,Lilith,Florey,lflorey1o@cdbaby.com,Female,1150 Orin Center
62,Tracey,McAuliffe,tmcauliffe1p@imageshack.us,Male,27 Buhler Plaza
63,Chas,Friary,cfriary1q@hugedomains.com,Male,005 Eliot Way
64,Zilvia,Bridgland,zbridgland1r@oracle.com,Female,66 Lotheville Plaza
65,Eliot,Portchmouth,eportchmouth1s@time.com,Male,09007 Esker Park
66,Nixie,Jencey,njencey1t@tinyurl.com,Female,2 Sycamore Center
67,Anton,Swanston,aswanston1u@soundcloud.com,Male,30475 Crescent Oaks Terrace
68,Monroe,Boam,mboam1v@w3.org,Male,25382 Stone Corner Hill
69,Gasper,Rown,grown1w@wiley.com,Male,0562 Holmberg Drive
70,Carly,Koch,ckoch1x@nasa.gov,Male,23 Hayes Avenue
71,Beverlie,Mynett,bmynett1y@dion.ne.jp,Polygender,53 Dixon Way
72,Gilles,Bohin,gbohin1z@cornell.edu,Bigender,5567 Fair Oaks Way
73,Shadow,O'Hagan,sohagan20@com.com,Bigender,4 Gina Street
74,Caroline,Ede,cede21@wisc.edu,Female,80 Carberry Way
75,Whittaker,Humby,whumby22@mapquest.com,Polygender,02 Pennsylvania Street
76,Elora,Danielot,edanielot23@bbc.co.uk,Female,2124 Butterfield Way
77,Johann,Drewery,jdrewery24@cocolog-nifty.com,Male,549 2nd Crossing
78,Blanca,Waldock,bwaldock25@sourceforge.net,Female,89 Coleman Court
79,Eal,Gwilliams,egwilliams26@barnesandnoble.com,Male,9170 Moland Park
80,Adrien,Benneton,abenneton27@meetup.com,Male,0473 Arapahoe Crossing
81,Ricardo,Jeeves,rjeeves28@spotify.com,Male,7097 Troy Plaza
82,Enoch,Cousin,ecousin29@cargocollective.com,Male,484 Utah Plaza
83,Terrence,Guilliland,tguilliland2a@cbsnews.com,Male,7 Red Cloud Center
84,Alphard,Andrei,aandrei2b@wired.com,Male,5 Bluejay Crossing
85,Emmott,Burgisi,eburgisi2c@yelp.com,Male,941 Stang Center
86,Gilles,Wells,gwells2d@msu.edu,Male,352 Stuart Terrace
87,Lebbie,Halpin,lhalpin2e@google.com.au,Female,6 Calypso Way
88,Jyoti,Greger,jgreger2f@acquirethisname.com,Female,35 Shoshone Center
89,Dallas,Wenden,dwenden2g@forbes.com,Female,060 Lakewood Gardens Terrace
90,Kris,Kochlin,kkochlin2h@51.la,Male,7 Warbler Center
91,Freddie,Mellonby,fmellonby2i@umich.edu,Female,5264 Porter Junction
92,Dionisio,Fender,dfender2j@yandex.ru,Male,85684 Elgar Way
93,Tersina,Mecozzi,tmecozzi2k@pcworld.com,Female,71223 Hooker Junction
94,Keir,Beaford,kbeaford2l@wisc.edu,Male,8 Hollow Ridge Place
95,Elijah,Whorlow,ewhorlow2m@exblog.jp,Male,21 Hayes Avenue
96,Leontyne,Hewkin,lhewkin2n@marriott.com,Female,6 Twin Pines Plaza
97,Di,Adshead,dadshead2o@about.me,Female,31 Bayside Junction
98,Glynn,Spaice,gspaice2p@tinypic.com,Male,26584 Anderson Alley
99,Elsa,Wardley,ewardley2q@ezinearticles.com,Female,48796 Annamark Parkway
100,Calvin,Escalante,cescalante2r@cmu.edu,Male,484 Merrick Avenue
101,Hal,Tomkowicz,htomkowicz2s@g.co,Male,01903 Fordem Road
102,Helen,Meneux,hmeneux2t@chron.com,Female,65150 Dapin Place
103,Othelia,Budget,obudget2u@issuu.com,Female,079 Dixon Trail
104,Codi,Aronovitz,caronovitz2v@typepad.com,Female,8298 Continental Center
105,Kristan,Brogden,kbrogden2w@geocities.jp,Female,2 Debra Place
106,Tessie,Bernat,tbernat2x@shinystat.com,Genderfluid,91829 Laurel Lane
107,Rita,McGee,rmcgee2y@addtoany.com,Female,013 Anthes Road
108,Sydney,Tomasino,stomasino2z@hubpages.com,Female,80971 Mendota Center
109,Remus,Tasseler,rtasseler30@amazon.com,Male,89 Lyons Pass
110,Roxana,Leatt,rleatt31@desdev.cn,Female,9 Butternut Plaza
111,Ursuline,Warret,uwarret32@globo.com,Female,9 Corscot Plaza
112,Talbot,Skittreal,tskittreal33@cbslocal.com,Male,30624 Killdeer Junction
113,Katey,MacGowing,kmacgowing34@blogs.com,Female,65 Prairie Rose Road
114,Pammy,Toffolini,ptoffolini35@zimbio.com,Female,90 Petterle Way
115,Rafe,Ionnisian,rionnisian36@qq.com,Male,77 Laurel Court
116,Josiah,Blanque,jblanque37@networksolutions.com,Male,713 Anderson Drive
117,Rockey,Benner,rbenner38@vk.com,Male,3303 Quincy Parkway
118,Coralie,Pheasey,cpheasey39@facebook.com,Female,7 Grayhawk Parkway
119,Ingram,Hilldrop,ihilldrop3a@pcworld.com,Male,493 Myrtle Court
120,Stanly,Linggood,slinggood3b@usatoday.com,Male,588 Schurz Pass
121,Abdel,St. Pierre,astpierre3c@flickr.com,Male,6 Sundown Parkway
122,Licha,Bohike,lbohike3d@miibeian.gov.cn,Female,3015 Park Meadow Terrace
123,Clementius,Itzhaiek,citzhaiek3e@nifty.com,Male,5 Dovetail Drive
124,Pennie,Van Bruggen,pvanbruggen3f@cargocollective.com,Male,0763 Golf Course Court
125,Coraline,Murtagh,cmurtagh3g@ehow.com,Female,60300 Randy Place
126,Rodge,Polgreen,rpolgreen3h@geocities.com,Male,1990 Pond Junction
127,Zelig,Pedlow,zpedlow3i@hud.gov,Male,91 Bobwhite Trail
128,Gregg,Flawn,gflawn3j@canalblog.com,Male,14 Doe Crossing Trail
129,Michele,Ogle,mogle3k@huffingtonpost.com,Male,02208 Di Loreto Trail
130,Audie,Asaaf,aasaaf3l@arstechnica.com,Female,86636 Welch Circle
131,Beilul,Ortiga,bortiga3m@livejournal.com,Female,25636 Gina Avenue
132,Hurlee,Dorton,hdorton3n@g.co,Male,55 American Junction
133,Janek,Wynrahame,jwynrahame3o@photobucket.com,Male,872 Pearson Circle
134,Gloriana,Harry,gharry3p@vk.com,Genderqueer,54992 Dawn Crossing
135,Simone,Haynesford,shaynesford3q@nydailynews.com,Female,796 Hovde Drive
136,Vinnie,Aubrey,vaubrey3r@webnode.com,Male,4093 Karstens Way
137,Claudetta,Currie,ccurrie3s@blog.com,Female,3 Golden Leaf Terrace
138,Kial,Jura,kjura3t@shop-pro.jp,Female,82775 Brickson Park Trail
139,Gerrard,Sherreard,gsherreard3u@youtu.be,Male,9 Vernon Hill
140,Farrah,Ingraham,fingraham3v@google.co.jp,Female,1 New Castle Drive
141,Brant,Giannini,bgiannini3w@google.fr,Male,175 Forest Run Terrace
142,Georgie,Peverell,gpeverell3x@opera.com,Male,44962 Ludington Junction
143,Eliza,Craigg,ecraigg3y@github.com,Female,9669 Cottonwood Junction
144,Nico,Matschoss,nmatschoss3z@elpais.com,Male,47656 Huxley Place
145,Averill,Bladge,abladge40@businessweek.com,Bigender,64 Comanche Center
146,Ignatius,Ryding,iryding41@prlog.org,Male,711 Bluejay Court
147,Alanah,Tift,atift42@pagesperso-orange.fr,Non-binary,60193 Starling Park
148,Ahmed,Larn,alarn43@cam.ac.uk,Male,30 Lake View Avenue
149,Bailey,Lynde,blynde44@google.es,Male,680 Barnett Circle
150,Itch,Lucock,ilucock45@skyrock.com,Male,1 Ruskin Way
151,Kathlin,Hartman,khartman46@cornell.edu,Female,9 Spohn Court
152,August,Waitland,awaitland47@mtv.com,Male,15183 Melvin Parkway
153,Reinold,Liddel,rliddel48@xinhuanet.com,Male,0 Waubesa Hill
154,Keenan,Andrick,kandrick49@phpbb.com,Male,298 Burrows Crossing
155,Veronique,Maciaszczyk,vmaciaszczyk4a@fotki.com,Female,7932 Tennyson Street
156,Calv,Adamovicz,cadamovicz4b@imgur.com,Male,496 Oneill Pass
157,Jude,Martill,jmartill4c@army.mil,Male,68906 Briar Crest Alley
158,Arda,Weinmann,aweinmann4d@instagram.com,Female,10324 Hanson Road
159,Deonne,Reddan,dreddan4e@wp.com,Female,03 Lukken Center
160,Dex,Parslow,dparslow4f@symantec.com,Bigender,70351 Barnett Circle
161,Berkeley,Wayne,bwayne4g@ox.ac.uk,Male,89 Del Sol Lane
162,Urbanus,Danilchenko,udanilchenko4h@princeton.edu,Male,937 Stang Pass
163,Clarance,Fearenside,cfearenside4i@edublogs.org,Male,1961 Westridge Drive
164,Ruthann,Ower,rower4j@xing.com,Female,642 Hagan Alley
165,Moria,Allwell,mallwell4k@weather.com,Female,0 Ridgeview Court
166,Deena,Le Breton,dlebreton4l@myspace.com,Female,6754 3rd Center
167,Barnaby,Lawlee,blawlee4m@nhs.uk,Male,4309 Jana Pass
168,Elwira,Immer,eimmer4n@macromedia.com,Female,90 Lakewood Gardens Parkway
169,Amberly,Minister,aminister4o@i2i.jp,Female,7331 Pierstorff Pass
170,Maegan,Ledekker,mledekker4p@vimeo.com,Female,23 Dayton Terrace
171,Griffith,Osgood,gosgood4q@earthlink.net,Polygender,68 Caliangt Pass
172,Camey,Grent,cgrent4r@hugedomains.com,Male,27050 Corben Hill
173,Austin,Laver,alaver4s@cyberchimps.com,Male,2 Mockingbird Parkway
174,Rhianon,Hargrave,rhargrave4t@xrea.com,Female,83423 Holy Cross Hill
175,Magdalene,Andreucci,mandreucci4u@theglobeandmail.com,Female,53 Fuller Crossing
176,Edgardo,Bryson,ebryson4v@nhs.uk,Male,002 Gina Lane
177,Robers,Vahey,rvahey4w@sitemeter.com,Male,57471 Evergreen Parkway
178,Vale,Caramuscia,vcaramuscia4x@newyorker.com,Male,66 Debra Plaza
179,Basilio,Saffon,bsaffon4y@ft.com,Male,66 Corben Way
180,Tulley,Shovelton,tshovelton4z@symantec.com,Male,06965 Riverside Trail
181,Jamie,Compfort,jcompfort50@elpais.com,Female,133 Algoma Plaza
182,Fredia,Giddens,fgiddens51@privacy.gov.au,Bigender,78 Anzinger Alley
183,Dode,Scranedge,dscranedge52@miitbeian.gov.cn,Female,84 Old Gate Road
184,Emilio,De Freyne,edefreyne53@reverbnation.com,Male,24177 Green Ridge Point
185,Wrennie,Castleman,wcastleman54@reuters.com,Female,5388 Harbort Way
186,Betteanne,Boustred,bboustred55@mail.ru,Female,30 Center Plaza
187,Kale,Dimanche,kdimanche56@taobao.com,Male,4 Milwaukee Hill
188,Dasya,Ormistone,dormistone57@spiegel.de,Female,64 Bluestem Lane
189,Aylmer,Bernaldo,abernaldo58@com.com,Male,0345 Sauthoff Street
190,Lynelle,Blakesley,lblakesley59@smh.com.au,Female,4 Glendale Pass
191,Homere,Spratt,hspratt5a@drupal.org,Male,16958 Delaware Junction
192,Melantha,Murthwaite,mmurthwaite5b@squidoo.com,Female,7014 Schmedeman Drive
193,Alane,Chittim,achittim5c@de.vu,Female,2 Anhalt Way
194,Jaimie,Janovsky,jjanovsky5d@lycos.com,Female,54 Dayton Street
195,Ernaline,Conechie,econechie5e@shinystat.com,Female,28545 High Crossing Avenue
196,Berrie,Nappin,bnappin5f@aboutads.info,Female,79 Bellgrove Circle
197,Oralle,Dilawey,odilawey5g@slate.com,Female,79 Lawn Circle
198,Doralyn,Adcocks,dadcocks5h@who.int,Female,30625 Sunfield Hill
199,Luce,Trotter,ltrotter5i@elegantthemes.com,Female,0 Kropf Place
200,Millisent,Dugall,mdugall5j@google.com,Female,2986 Mcguire Crossing
201,Linea,Soden,lsoden5k@twitter.com,Female,6687 Bunker Hill Avenue
202,Patrica,Kretchmer,pkretchmer5l@homestead.com,Female,7 Grim Place
203,Vick,Ranklin,vranklin5m@bluehost.com,Male,36 La Follette Lane
204,Tina,Oppy,toppy5n@ustream.tv,Female,2 Lindbergh Hill
205,Creight,Preene,cpreene5o@europa.eu,Male,992 Judy Lane
206,Bradley,Crannis,bcrannis5p@slashdot.org,Male,14672 Union Trail
207,Valene,Scrivenor,vscrivenor5q@artisteer.com,Female,7 Eagle Crest Pass
208,Valry,Cherm,vcherm5r@globo.com,Female,528 Northfield Junction
209,Bertha,Fitton,bfitton5s@ehow.com,Genderqueer,74 Stephen Avenue
210,Guido,Muffin,gmuffin5t@dion.ne.jp,Male,2 Emmet Road
211,Gonzales,Malitrott,gmalitrott5u@google.fr,Genderqueer,43 West Alley
212,Vally,Bussel,vbussel5v@acquirethisname.com,Female,84815 Prentice Park
213,Sven,Grinsted,sgrinsted5w@prnewswire.com,Male,7 Kinsman Circle
214,Mildred,Arnli,marnli5x@alibaba.com,Female,03969 Moland Avenue
215,Zaccaria,Ransfield,zransfield5y@nps.gov,Male,47977 Blue Bill Park Crossing
216,Dode,Breheny,dbreheny5z@shutterfly.com,Female,0913 Darwin Pass
217,Hunt,McMeeking,hmcmeeking60@wired.com,Male,6 Starling Avenue
218,Debbi,Teager,dteager61@sphinn.com,Female,159 Mayfield Road
219,Neddie,Lamb,nlamb62@sohu.com,Male,7 Jenifer Drive
220,Sonia,Fitzgerald,sfitzgerald63@illinois.edu,Female,099 Declaration Point
221,Hewitt,Gerhardt,hgerhardt64@hud.gov,Male,751 Marcy Circle
222,Udell,Gatlin,ugatlin65@mail.ru,Male,76 Sunbrook Parkway
223,Howey,Fullicks,hfullicks66@alibaba.com,Male,949 Mccormick Circle
224,Jethro,Adelman,jadelman67@bizjournals.com,Male,6343 Beilfuss Pass
225,Dukey,Ludlamme,dludlamme68@mayoclinic.com,Male,7 Rigney Street
226,Rosy,Pain,rpain69@geocities.com,Female,2 Calypso Road
227,Quintin,Jeffels,qjeffels6a@dyndns.org,Male,58051 Briar Crest Court
228,Mackenzie,Easthope,measthope6b@bloomberg.com,Male,77483 Charing Cross Hill
229,Maxwell,Bartolozzi,mbartolozzi6c@angelfire.com,Male,94 Derek Trail
230,Delilah,Litton,dlitton6d@wikia.com,Female,331 Sullivan Road
231,Noella,Scarffe,nscarffe6e@ox.ac.uk,Female,53 Dakota Trail
232,Carrol,Zamudio,czamudio6f@independent.co.uk,Male,2 Bartelt Pass
233,Tim,Sommersett,tsommersett6g@wikipedia.org,Female,30 East Drive
234,Wileen,Nutley,wnutley6h@canalblog.com,Female,8 Ludington Hill
235,Agnes,Dummer,adummer6i@cisco.com,Female,13647 3rd Avenue
236,Hillel,Cogar,hcogar6j@arstechnica.com,Male,70 4th Parkway
237,Cary,Stair,cstair6k@cnet.com,Polygender,86611 Maryland Trail
238,Morgana,Whodcoat,mwhodcoat6l@timesonline.co.uk,Female,66 Ridge Oak Lane
239,Prinz,Crohan,pcrohan6m@wunderground.com,Male,48142 Maryland Avenue
240,Maud,Rouch,mrouch6n@discovery.com,Female,2430 Paget Hill
241,Matti,Farnin,mfarnin6o@acquirethisname.com,Female,4935 Briar Crest Point
242,Caddric,Blasl,cblasl6p@latimes.com,Male,9 Division Pass
243,Farley,Uren,furen6q@ovh.net,Male,33 3rd Point
244,Loraine,Matas,lmatas6r@smh.com.au,Female,90888 Columbus Hill
245,Sidonia,Hazelden,shazelden6s@fotki.com,Female,9 Warrior Hill
246,Errick,Robard,erobard6t@weibo.com,Male,9 Reinke Avenue
247,Saunderson,Hamper,shamper6u@chronoengine.com,Male,875 West Crossing
248,Sven,Jouannin,sjouannin6v@a8.net,Male,69 Vernon Circle
249,Neddy,Girardengo,ngirardengo6w@oracle.com,Male,9766 Brickson Park Avenue
250,Lydon,Dwelly,ldwelly6x@sina.com.cn,Male,2774 Hazelcrest Way
251,Corissa,Dunne,cdunne6y@ameblo.jp,Female,86826 Shelley Terrace
252,Danya,Jewar,djewar6z@cocolog-nifty.com,Male,1452 Merchant Road
253,Samuel,Clotworthy,sclotworthy70@diigo.com,Male,67902 Pleasure Point
254,Jim,Lempke,jlempke71@wired.com,Male,9595 Sachtjen Lane
255,Zack,Cattrall,zcattrall72@slashdot.org,Male,60 Bobwhite Court
256,Danita,Pischoff,dpischoff73@google.it,Female,2 Ryan Crossing
257,Ignazio,Willgoss,iwillgoss74@people.com.cn,Male,56 Ramsey Circle
258,Clarita,Barnardo,cbarnardo75@behance.net,Female,573 Fieldstone Avenue
259,Leonid,Tuffley,ltuffley76@yolasite.com,Male,954 Amoth Avenue
260,Merell,Donaho,mdonaho77@behance.net,Male,08398 Anthes Drive
261,Erwin,Mainson,emainson78@clickbank.net,Male,4 Moulton Plaza
262,Perl,Rabson,prabson79@bigcartel.com,Female,316 Grover Place
263,Berget,Kitto,bkitto7a@g.co,Female,45 Waubesa Center
264,Portie,Brunone,pbrunone7b@youtu.be,Male,2 Randy Lane
265,Alanna,Winton,awinton7c@pcworld.com,Female,07 Raven Crossing
266,Durand,Birdseye,dbirdseye7d@qq.com,Male,20436 Bashford Lane
267,Grata,MacKowle,gmackowle7e@flavors.me,Female,81 Lighthouse Bay Junction
268,Bastian,Ferrotti,bferrotti7f@japanpost.jp,Male,7 Lien Street
269,Ambrosio,Heinert,aheinert7g@cyberchimps.com,Male,9 Loomis Drive
270,Emylee,Grenter,egrenter7h@w3.org,Female,0100 Blackbird Junction
271,Dill,Batt,dbatt7i@deliciousdays.com,Male,82 Nancy Court
272,Redford,Clifforth,rclifforth7j@blogtalkradio.com,Male,00 Lyons Court
273,Cyrus,Onion,conion7k@163.com,Male,80 Lindbergh Court
274,Mano,Cumbers,mcumbers7l@t-online.de,Male,10 Pepper Wood Pass
275,Parnell,Agar,pagar7m@prlog.org,Male,1530 Moose Road
276,Talia,Flaonier,tflaonier7n@irs.gov,Female,035 Dakota Center
277,Mohandis,Beals,mbeals7o@sbwire.com,Male,71 Hazelcrest Terrace
278,Barnaby,Gaddes,bgaddes7p@alexa.com,Male,10409 Mosinee Trail
279,Seward,Birdis,sbirdis7q@ft.com,Male,23731 Melvin Parkway
280,Reeta,Assur,rassur7r@oaic.gov.au,Polygender,132 Carberry Drive
281,Nerita,Todeo,ntodeo7s@wired.com,Female,27933 Longview Court
282,Jessie,Caulwell,jcaulwell7t@samsung.com,Male,15121 Meadow Ridge Road
283,Alex,Ritchings,aritchings7u@harvard.edu,Female,360 Pawling Point
284,Brandice,Murphy,bmurphy7v@clickbank.net,Female,870 Crownhardt Road
285,Colan,Pinkie,cpinkie7w@bizjournals.com,Male,910 Esch Park
286,Collette,Simonel,csimonel7x@google.ca,Female,1 Rowland Trail
287,Garvin,Duell,gduell7y@godaddy.com,Male,2 Ramsey Parkway
288,Vina,Rayburn,vrayburn7z@squarespace.com,Female,9 Corry Point
289,Jacinta,Edlington,jedlington80@diigo.com,Female,17 Armistice Avenue
290,Dudley,Murrow,dmurrow81@symantec.com,Male,0505 1st Street
291,Micheil,Gyorgy,mgyorgy82@seattletimes.com,Male,7 Old Gate Crossing
292,Doralynne,Shegog,dshegog83@answers.com,Female,88191 Grim Plaza
293,Gianna,Bremond,gbremond84@nasa.gov,Female,44562 Hoepker Alley
294,Thoma,Seckington,tseckington85@samsung.com,Male,7 Hermina Point
295,Allister,Wilford,awilford86@nbcnews.com,Male,4 Petterle Road
296,Booth,Matejka,bmatejka87@mapquest.com,Male,0 Petterle Plaza
297,Peggy,Puffett,ppuffett88@toplist.cz,Female,8 Browning Crossing
298,Kelwin,Shewon,kshewon89@myspace.com,Male,1 Waubesa Plaza
299,Julie,Dumphries,jdumphries8a@ow.ly,Male,5 Butterfield Place
300,Shanon,Norley,snorley8b@xing.com,Female,6749 Saint Paul Point
301,Manya,Maletratt,mmaletratt8c@twitter.com,Female,88595 Memorial Hill
302,Ezequiel,Habden,ehabden8d@vistaprint.com,Male,34986 Village Green Center
303,Yoshiko,Leon,yleon8e@friendfeed.com,Genderfluid,23676 Florence Plaza
304,Alejandro,Giovanitti,agiovanitti8f@fastcompany.com,Male,857 8th Point
305,Blane,Paroni,bparoni8g@1688.com,Bigender,3 Dayton Alley
306,Henrie,Overbury,hoverbury8h@cloudflare.com,Female,70 Gale Park
307,Clary,De Angelis,cdeangelis8i@amazonaws.com,Female,28 Messerschmidt Parkway
308,Marchall,Lougheed,mlougheed8j@go.com,Genderfluid,0 Carey Court
309,Rollins,Mitrovic,rmitrovic8k@japanpost.jp,Male,397 Merrick Lane
310,Alyse,Kamienski,akamienski8l@yellowpages.com,Female,234 Ridgeview Court
311,Avivah,Celez,acelez8m@pen.io,Female,0 Burning Wood Place
312,Ferdinande,Pedlow,fpedlow8n@tumblr.com,Female,2 Kennedy Alley
313,Kristen,Langhorne,klanghorne8o@ifeng.com,Female,3 Eagle Crest Trail
314,Fidelio,O'Shiel,foshiel8p@imageshack.us,Male,60493 Weeping Birch Center
315,Randal,Buttriss,rbuttriss8q@miibeian.gov.cn,Male,5248 Magdeline Hill
316,Thatch,Moniker,tmoniker8r@xrea.com,Male,178 Sheridan Junction
317,Myrwyn,Axton,maxton8s@amazon.com,Male,909 Division Junction
318,Yoshiko,Cridlan,ycridlan8t@oracle.com,Female,1210 Bultman Place
319,Dacie,Laden,dladen8u@google.co.uk,Female,7 Anthes Court
320,Daniela,Wilshire,dwilshire8v@nbcnews.com,Female,2378 Clyde Gallagher Circle
321,Dari,Pieracci,dpieracci8w@cafepress.com,Female,18672 2nd Terrace
322,Bevan,Tiptaft,btiptaft8x@unesco.org,Male,6 Prairie Rose Trail
323,Vyky,Hay,vhay8y@freewebs.com,Female,37262 Scofield Way
324,Bat,Bartozzi,bbartozzi8z@timesonline.co.uk,Male,9116 La Follette Court
325,Radcliffe,Jancic,rjancic90@canalblog.com,Male,7 Barby Crossing
326,Sasha,De Bernardi,sdebernardi91@discuz.net,Male,74031 Barnett Avenue
327,Link,Swaby,lswaby92@netscape.com,Non-binary,66501 Merchant Trail
328,Starla,Fairham,sfairham93@ameblo.jp,Female,64 Almo Trail
329,Howie,Littrik,hlittrik94@mit.edu,Bigender,73977 Monica Circle
330,Dennie,Screas,dscreas95@netlog.com,Female,17303 Valley Edge Road
331,Lawry,Hearse,lhearse96@springer.com,Male,7 Superior Crossing
332,Corri,McFadin,cmcfadin97@sciencedaily.com,Female,9 Pleasure Circle
333,Finn,Ferrolli,fferrolli98@illinois.edu,Male,568 Heath Center
334,Kerrin,Storton,kstorton99@goodreads.com,Female,81 Towne Terrace
335,Carmita,Tapping,ctapping9a@ameblo.jp,Agender,6951 Shelley Terrace
336,Malvin,Morsley,mmorsley9b@forbes.com,Male,9 Sommers Circle
337,Jackelyn,Kinchin,jkinchin9c@yelp.com,Female,3 Milwaukee Street
338,Beatrice,Rowlinson,browlinson9d@amazonaws.com,Female,147 Eastwood Lane
339,Ruthanne,Lippatt,rlippatt9e@ycombinator.com,Bigender,16 Bellgrove Plaza
340,Marylin,Beavon,mbeavon9f@toplist.cz,Female,15 Anzinger Place
341,Obed,Silly,osilly9g@nydailynews.com,Male,9659 Ohio Crossing
342,Allys,Durnall,adurnall9h@tiny.cc,Female,7187 Twin Pines Point
343,Florida,Schoolcroft,fschoolcroft9i@pen.io,Genderqueer,91493 Rowland Terrace
344,Franchot,Morehall,fmorehall9j@acquirethisname.com,Male,10568 Spohn Circle
345,Barby,Etherson,betherson9k@comcast.net,Female,6791 Fuller Street
346,Lory,Kiloh,lkiloh9l@tmall.com,Female,70915 5th Plaza
347,Blair,Mazdon,bmazdon9m@lycos.com,Male,1 Magdeline Court
348,Dalenna,Boocock,dboocock9n@va.gov,Female,78317 Ronald Regan Lane
349,Ruddy,Anstey,ranstey9o@imgur.com,Male,8772 Doe Crossing Way
350,Remus,Brennon,rbrennon9p@earthlink.net,Male,1 8th Circle
351,Tova,Antognazzi,tantognazzi9q@indiegogo.com,Female,6 Saint Paul Plaza
352,Brewster,Scougal,bscougal9r@altervista.org,Male,745 Brown Circle
353,Amby,Kedge,akedge9s@theatlantic.com,Male,66484 Westridge Hill
354,Carry,O'Scollain,coscollain9t@mozilla.org,Female,9865 Walton Junction
355,Idette,Hall-Gough,ihallgough9u@kickstarter.com,Female,8154 Fairfield Drive
356,Gavrielle,Lenin,glenin9v@wikispaces.com,Female,605 Tony Junction
357,Jasmin,Glacken,jglacken9w@businessinsider.com,Female,40 Truax Place
358,Quintilla,Divine,qdivine9x@netscape.com,Female,854 Homewood Drive
359,Max,Guisler,mguisler9y@multiply.com,Male,24 Northport Lane
360,Quent,Cressey,qcressey9z@homestead.com,Male,0769 Superior Plaza
361,Godwin,MacClancey,gmacclanceya0@prweb.com,Male,40113 Vernon Drive
362,Bob,Skerman,bskermana1@surveymonkey.com,Male,059 Delladonna Avenue
363,Cherin,Pannaman,cpannamana2@jugem.jp,Female,64 Forest Park
364,Caitlin,Gamon,cgamona3@reddit.com,Female,406 Stuart Lane
365,Kristos,Liffe,kliffea4@ameblo.jp,Male,1 Becker Road
366,Bondon,Seabourne,bseabournea5@people.com.cn,Male,55 Shoshone Hill
367,Roddy,Soulsby,rsoulsbya6@domainmarket.com,Male,8 Weeping Birch Pass
368,Ruddy,Billingham,rbillinghama7@hibu.com,Male,43 Clemons Center
369,Nelle,Fulop,nfulopa8@ask.com,Female,0 Hovde Place
370,Quentin,Dommersen,qdommersena9@fotki.com,Female,3 La Follette Center
371,Rriocard,Housecraft,rhousecraftaa@weibo.com,Agender,01025 Lakewood Gardens Pass
372,Dieter,Mabe,dmabeab@4shared.com,Male,2962 Bartillon Way
373,Thatch,Bolgar,tbolgarac@netvibes.com,Male,28 Longview Drive
374,Mureil,Descroix,mdescroixad@tumblr.com,Female,0 Green Place
375,Welby,Luckman,wluckmanae@hud.gov,Male,180 Banding Pass
376,L;urette,Brazear,lbrazearaf@ucla.edu,Agender,03766 Golf Course Terrace
377,Thedric,Trayton,ttraytonag@princeton.edu,Male,1947 Cody Trail
378,Hermy,Ommanney,hommanneyah@marriott.com,Male,0 Merchant Parkway
379,Donnamarie,Colcutt,dcolcuttai@prlog.org,Female,531 Badeau Court
380,Maximilien,Sunner,msunneraj@goo.gl,Male,1 Sunnyside Hill
381,Sheree,Moodey,smoodeyak@imdb.com,Female,24 Bluejay Court
382,Estevan,Larmour,elarmoural@nba.com,Male,9 Cordelia Point
383,Melitta,Sappy,msappyam@google.com,Non-binary,636 Glendale Terrace
384,Dorthea,Andrioli,dandriolian@elpais.com,Female,2 8th Pass
385,Garwood,Kampshell,gkampshellao@clickbank.net,Male,6166 Lyons Pass
386,Carolyn,Adey,cadeyap@live.com,Female,3459 Rockefeller Parkway
387,Dorolisa,Lucio,dlucioaq@walmart.com,Bigender,3 Leroy Plaza
388,Mordecai,Gruszka,mgruszkaar@dedecms.com,Male,0811 Vahlen Place
389,Carrissa,Bithany,cbithanyas@webeden.co.uk,Female,3 Vernon Street
390,Darnell,Krauze,dkrauzeat@myspace.com,Male,134 Beilfuss Circle
391,Tamara,Speenden,tspeendenau@mozilla.com,Female,1 Eliot Pass
392,Claudius,Jolliff,cjolliffav@unicef.org,Male,892 Rowland Avenue
393,Linette,Breckwell,lbreckwellaw@prweb.com,Female,88 1st Drive
394,Melesa,Kill,mkillax@jalbum.net,Female,603 Dottie Point
395,Garry,Glassopp,gglassoppay@blogs.com,Male,74 Acker Court
396,Claudian,Garbott,cgarbottaz@indiatimes.com,Bigender,11 Canary Junction
397,Kelcie,Bengtson,kbengtsonb0@de.vu,Female,78 Aberg Point
398,Amelina,Carnilian,acarnilianb1@spotify.com,Bigender,67526 Fallview Hill
399,Trish,Osgarby,tosgarbyb2@elpais.com,Female,854 Burning Wood Terrace
400,Alexandre,Hearnah,ahearnahb3@sciencedaily.com,Male,2322 Westend Pass
401,Kimberly,Shovell,kshovellb4@eepurl.com,Female,3 Longview Crossing
402,Alonso,Ubsdall,aubsdallb5@ning.com,Male,851 La Follette Drive
403,Lyle,Kener,lkenerb6@cdc.gov,Male,6 Moland Crossing
404,Woody,Sharphouse,wsharphouseb7@dell.com,Male,271 Comanche Road
405,Durante,Peaker,dpeakerb8@intel.com,Male,8 Badeau Way
406,Rosana,McCumesky,rmccumeskyb9@bloglines.com,Female,2013 Express Center
407,Dew,Weatherhogg,dweatherhoggba@symantec.com,Male,61806 Reindahl Crossing
408,Mal,Willford,mwillfordbb@nydailynews.com,Male,8153 Trailsway Street
409,Wayne,Kliemann,wkliemannbc@shinystat.com,Genderqueer,7348 Nancy Street
410,Steven,Springham,sspringhambd@edublogs.org,Male,10 Sheridan Center
411,Lanie,Holby,lholbybe@utexas.edu,Male,057 Eastwood Terrace
412,Perren,Sieghard,psieghardbf@zimbio.com,Male,2234 Michigan Circle
413,Valene,Ibbott,vibbottbg@yolasite.com,Female,4 Manley Drive
414,Kip,Reeks,kreeksbh@sfgate.com,Male,68 Eliot Road
415,Alexia,Hallas,ahallasbi@google.co.jp,Female,77 Bashford Crossing
416,Kandace,Saltern,ksalternbj@purevolume.com,Female,623 Lyons Drive
417,Emmalee,Everest,eeverestbk@facebook.com,Female,98783 Nobel Parkway
418,Odessa,Wadhams,owadhamsbl@infoseek.co.jp,Female,21030 Blackbird Center
419,Steve,Brentnall,sbrentnallbm@marriott.com,Male,98 Brickson Park Plaza
420,Cherish,Beverstock,cbeverstockbn@deliciousdays.com,Female,00723 Southridge Court
421,Ansell,McLucky,amcluckybo@myspace.com,Male,4 Melrose Junction
422,Hannis,Ansteys,hansteysbp@e-recht24.de,Female,5719 Old Shore Avenue
423,Nealy,Classen,nclassenbq@cyberchimps.com,Male,0 Lake View Way
424,Ryun,MacCarter,rmaccarterbr@uiuc.edu,Male,899 Di Loreto Pass
425,Gwendolyn,Cantor,gcantorbs@auda.org.au,Female,763 American Ash Terrace
426,Manda,Dadd,mdaddbt@last.fm,Female,92 Briar Crest Drive
427,Livvie,Duchesne,lduchesnebu@elegantthemes.com,Genderqueer,97 Independence Place
428,Yasmeen,Gierardi,ygierardibv@telegraph.co.uk,Female,68767 Randy Pass
429,Amabel,Rubberts,arubbertsbw@disqus.com,Female,1 Village Center
430,Lolly,Gauch,lgauchbx@1und1.de,Female,85921 Iowa Road
431,Berna,Righy,brighyby@ebay.co.uk,Female,65855 Mandrake Hill
432,Martie,Perott,mperottbz@alibaba.com,Male,39 Surrey Hill
433,Hogan,Boog,hboogc0@google.co.jp,Male,21 Bartillon Park
434,Haily,Playford,hplayfordc1@slate.com,Female,2366 Bunker Hill Crossing
435,Monti,Marcq,mmarcqc2@amazon.co.jp,Male,4900 Nova Road
436,Benji,Elis,belisc3@amazon.de,Male,79337 Pine View Street
437,Diane-marie,Kelberman,dkelbermanc4@msn.com,Female,4 Melby Road
438,Park,Grebner,pgrebnerc5@google.com,Male,03930 Hollow Ridge Place
439,Stella,Lewzey,slewzeyc6@behance.net,Female,8 Oak Hill
440,Welsh,Whopples,wwhopplesc7@wikimedia.org,Male,2377 Anniversary Junction
441,Noel,Hamflett,nhamflettc8@amazonaws.com,Male,7 Holy Cross Terrace
442,Carr,Craker,ccrakerc9@google.de,Male,27414 Namekagon Trail
443,Claybourne,Adshad,cadshadca@mail.ru,Male,07 Carey Terrace
444,Florry,Connell,fconnellcb@posterous.com,Female,33333 Loomis Park
445,Marthena,Scogin,mscogincc@sfgate.com,Genderqueer,05 Gulseth Lane
446,Kerwin,Adriaens,kadriaenscd@hc360.com,Male,8853 Banding Park
447,Mic,Yann,myannce@vk.com,Male,870 Scott Pass
448,Adler,Turpey,aturpeycf@example.com,Male,79707 Forest Avenue
449,Barthel,Hrihorovich,bhrihorovichcg@soup.io,Male,1 Maple Wood Parkway
450,Meghan,Rykert,mrykertch@java.com,Female,94 Elmside Plaza
451,Minnie,Sleeford,msleefordci@digg.com,Female,79 Hooker Park
452,Zacharia,Venney,zvenneycj@usatoday.com,Male,05495 Doe Crossing Parkway
453,Tildie,Treadger,ttreadgerck@mail.ru,Female,15 Northfield Point
454,Ellery,Twaits,etwaitscl@rediff.com,Male,5 Mallory Drive
455,Tallou,Chessel,tchesselcm@hhs.gov,Female,274 Basil Point
456,Lynda,Taylo,ltaylocn@1und1.de,Female,989 Clyde Gallagher Crossing
457,Ado,de Savery,adesaveryco@etsy.com,Male,44943 Del Mar Way
458,Kristi,Frichley,kfrichleycp@addthis.com,Female,3 Spaight Center
459,Willyt,Yarmouth,wyarmouthcq@europa.eu,Female,8984 Bartelt Parkway
460,Rickie,Cattrall,rcattrallcr@economist.com,Female,4 Farragut Lane
461,Hedi,Birkmyre,hbirkmyrecs@booking.com,Female,42 Vermont Way
462,Bernardina,Shovlar,bshovlarct@istockphoto.com,Female,12 Sauthoff Drive
463,Zelda,Rymell,zrymellcu@comcast.net,Female,83 Red Cloud Parkway
464,Jacquenetta,Pickworth,jpickworthcv@lycos.com,Female,4 Clyde Gallagher Avenue
465,Ruggiero,Toderbrugge,rtoderbruggecw@ted.com,Male,94 Cordelia Hill
466,Shelba,Ottley,sottleycx@buzzfeed.com,Female,68940 Vahlen Parkway
467,Maxim,Semour,msemourcy@nifty.com,Male,45 Lien Drive
468,Quintana,Coughan,qcoughancz@flickr.com,Polygender,713 Kedzie Street
469,Ashby,Biernacki,abiernackid0@digg.com,Male,0 Service Way
470,Noami,Goldup,ngoldupd1@lulu.com,Genderqueer,907 Artisan Plaza
471,Meggie,Zecchii,mzecchiid2@uiuc.edu,Female,2623 Springview Lane
472,Sandi,Molian,smoliand3@spotify.com,Female,0 Kedzie Alley
473,Thorsten,Horrod,thorrodd4@vk.com,Male,30406 Jenifer Trail
474,Hy,Escalera,hescalerad5@latimes.com,Male,71 Oak Plaza
475,Cherey,Epsley,cepsleyd6@ning.com,Female,8914 Maywood Hill
476,Dorian,Kershaw,dkershawd7@dmoz.org,Male,45515 Carberry Circle
477,Waldo,Rowell,wrowelld8@ning.com,Male,9 Hoepker Crossing
478,Henrietta,Artis,hartisd9@parallels.com,Female,64574 Hovde Drive
479,Donna,Tomley,dtomleyda@weibo.com,Female,4023 Bobwhite Center
480,Margaux,Scutcheon,mscutcheondb@imdb.com,Female,65581 Hauk Court
481,Aimee,Creek,acreekdc@jalbum.net,Female,4343 Bonner Park
482,Rebeka,Lohrensen,rlohrensendd@e-recht24.de,Female,80 Florence Trail
483,Branden,Sirr,bsirrde@netvibes.com,Male,87899 Clemons Plaza
484,Lowe,Vicker,lvickerdf@blogtalkradio.com,Male,870 Center Avenue
485,Bili,Jardein,bjardeindg@noaa.gov,Female,8 Golf View Street
486,Dewitt,Danielovitch,ddanielovitchdh@squarespace.com,Male,99617 Hallows Alley
487,Zak,Tume,ztumedi@reverbnation.com,Male,6243 Thompson Lane
488,Lib,Parcell,lparcelldj@geocities.com,Female,31467 Monterey Point
489,Luci,Vivians,lviviansdk@si.edu,Female,933 3rd Terrace
490,Jessy,Redley,jredleydl@dion.ne.jp,Female,8729 Northview Crossing
491,Dillie,Kensit,dkensitdm@flickr.com,Male,1 Talisman Hill
492,Dori,Odda,doddadn@constantcontact.com,Female,1 Vera Center
493,Koenraad,Decort,kdecortdo@dropbox.com,Male,18044 Maple Wood Hill
494,Anette,Allans,aallansdp@bing.com,Female,061 Wayridge Pass
495,Chelsie,Lapere,claperedq@about.me,Female,8 Del Mar Way
496,Kate,Doy,kdoydr@smugmug.com,Female,83055 Grim Alley
497,Nissa,Birkenshaw,nbirkenshawds@smh.com.au,Female,10 Express Road
498,Bayard,Callam,bcallamdt@google.com.hk,Male,7 Grayhawk Center
499,Orville,Pulhoster,opulhosterdu@feedburner.com,Male,921 Loomis Crossing
500,Ahmed,McQuillen,amcquillendv@addtoany.com,Male,1463 Kinsman Court
501,Kipp,Van de Castele,kvandecasteledw@yale.edu,Female,055 Muir Crossing
502,Harley,Cheshir,hcheshirdx@hubpages.com,Male,540 Heffernan Trail
503,Orbadiah,Bunting,obuntingdy@cbslocal.com,Male,7133 Redwing Point
504,Violet,Sperring,vsperringdz@networksolutions.com,Female,804 Holy Cross Circle
505,Ronald,Cicullo,rciculloe0@cornell.edu,Male,179 Melvin Junction
506,Pennie,Dunthorn,pdunthorne1@springer.com,Male,30530 Hagan Park
507,Marya,Bowater,mbowatere2@macromedia.com,Female,889 Goodland Street
508,Kaitlynn,January,kjanuarye3@nationalgeographic.com,Female,9 Gina Lane
509,Ara,Todarello,atodarelloe4@webs.com,Female,54960 Anzinger Lane
510,Darin,Dows,ddowse5@eventbrite.com,Male,3 Shoshone Pass
511,Alison,Ambrois,aambroise6@mozilla.org,Female,81091 Sauthoff Parkway
512,Lillis,Rappoport,lrappoporte7@wsj.com,Bigender,9 Elgar Junction
513,Brandise,Wakenshaw,bwakenshawe8@techcrunch.com,Female,9161 6th Park
514,Adeline,Thackston,athackstone9@blogs.com,Female,7 Drewry Street
515,Filbert,Berndtssen,fberndtssenea@google.co.jp,Male,4515 Mariners Cove Park
516,Netty,Terrazzo,nterrazzoeb@seattletimes.com,Female,047 Grim Trail
517,Bryn,Hiers,bhiersec@npr.org,Male,27713 Clemons Alley
518,Rayshell,Abley,rableyed@pcworld.com,Female,01 Macpherson Center
519,Phillida,Antonikov,pantonikovee@weather.com,Female,65074 Lakeland Place
520,Catarina,Barr,cbarref@friendfeed.com,Female,5570 Jenifer Hill
521,Ortensia,Simonard,osimonardeg@virginia.edu,Female,04512 Memorial Court
522,Gray,Cartmail,gcartmaileh@abc.net.au,Male,5930 Graedel Court
523,Mata,Smoughton,msmoughtonei@youtube.com,Male,5232 Birchwood Avenue
524,Cornall,Gut,cgutej@topsy.com,Male,3441 Shoshone Circle
525,Wenda,Fenners,wfennersek@apache.org,Female,37 Forster Place
526,Glennie,Rohlf,grohlfel@addthis.com,Female,81622 Lotheville Drive
527,Jaquenetta,Hendrich,jhendrichem@si.edu,Female,9 Buell Way
528,Mathilda,Rapper,mrapperen@state.tx.us,Female,561 Hintze Pass
529,Tam,Bortolini,tbortolinieo@nsw.gov.au,Male,45537 Hallows Hill
530,Dilly,Copyn,dcopynep@yahoo.co.jp,Male,4774 Oakridge Alley
531,Hugo,Chasteney,hchasteneyeq@wisc.edu,Male,6 Dexter Trail
532,Garry,Jeffree,gjeffreeer@123-reg.co.uk,Male,49 Russell Point
533,Lizzy,Feehely,lfeehelyes@xinhuanet.com,Female,4604 Muir Terrace
534,Roseanna,McConnal,rmcconnalet@stumbleupon.com,Female,1010 Weeping Birch Plaza
535,Onfre,Hempshall,ohempshalleu@buzzfeed.com,Male,2 Dorton Hill
536,Hagen,Blackall,hblackallev@vimeo.com,Male,0 Corben Road
537,Chelsae,Chapelle,cchapelleew@qq.com,Female,833 Hoepker Trail
538,Gael,Mickleborough,gmickleboroughex@hostgator.com,Female,2 Fisk Circle
539,Kriste,Guyot,kguyotey@ox.ac.uk,Female,21 Kipling Road
540,Ignaz,Pomeroy,ipomeroyez@zimbio.com,Male,3 Clemons Road
541,Shae,Windous,swindousf0@marriott.com,Male,84292 Eastlawn Way
542,Warren,Sharphouse,wsharphousef1@goodreads.com,Male,15 Grover Alley
543,Beulah,Jakubovsky,bjakubovskyf2@tinyurl.com,Female,57956 Parkside Plaza
544,Page,Djurdjevic,pdjurdjevicf3@free.fr,Female,615 Sachtjen Court
545,Kendrick,Fairlamb,kfairlambf4@apple.com,Male,76 Forster Drive
546,Angelia,Whitlock,awhitlockf5@twitpic.com,Female,3027 Crescent Oaks Junction
547,Cletus,Jaqueme,cjaquemef6@chronoengine.com,Male,26938 Steensland Terrace
548,Toddie,Goodley,tgoodleyf7@reverbnation.com,Male,58001 Hoard Lane
549,Kara-lynn,Nurcombe,knurcombef8@theglobeandmail.com,Female,5 Vernon Hill
550,Linea,Auguste,laugustef9@photobucket.com,Female,53 Butternut Trail
551,Blane,Smallbone,bsmallbonefa@tuttocitta.it,Male,1237 Fordem Way
552,Butch,Brolechan,bbrolechanfb@ning.com,Male,0227 Ryan Circle
553,Emelina,Steuart,esteuartfc@cmu.edu,Female,59370 Forest Dale Park
554,Emyle,McVicar,emcvicarfd@wikia.com,Female,234 Bluejay Pass
555,Sol,Kleeman,skleemanfe@army.mil,Male,17 Old Shore Avenue
556,Myca,Nelthrop,mnelthropff@shinystat.com,Male,55 Lakewood Gardens Center
557,Roxi,O'Gready,rogreadyfg@free.fr,Female,2 Del Mar Point
558,Marion,McKeevers,mmckeeversfh@domainmarket.com,Female,0524 Mesta Lane
559,Mill,Tempest,mtempestfi@jiathis.com,Male,78 Hayes Alley
560,Adrea,Dykins,adykinsfj@cam.ac.uk,Female,33 Jana Court
561,Kenneth,Reames,kreamesfk@gizmodo.com,Agender,344 Golf View Alley
562,Nial,Blees,nbleesfl@bigcartel.com,Male,88 Armistice Alley
563,Flint,Dymock,fdymockfm@discuz.net,Male,41412 Sutteridge Court
564,Rosaline,Phoenix,rphoenixfn@dion.ne.jp,Agender,3 Bellgrove Park
565,Dermot,Bouchier,dbouchierfo@latimes.com,Male,7 Hooker Point
566,Antonietta,Corden,acordenfp@fotki.com,Female,30 Troy Court
567,Sondra,Fealey,sfealeyfq@usda.gov,Female,46430 Sugar Way
568,Davis,Goode,dgoodefr@twitter.com,Male,7949 David Park
569,Andree,Sinfield,asinfieldfs@economist.com,Female,2208 Tony Alley
570,Dian,Twort,dtwortft@wikipedia.org,Female,8581 Dunning Court
571,Alvis,Kabos,akabosfu@desdev.cn,Male,69 Pine View Avenue
572,Maryellen,Deavall,mdeavallfv@mozilla.com,Female,411 Cambridge Alley
573,Alexis,Twitching,atwitchingfw@gnu.org,Female,41210 Susan Junction
574,Marlene,Covet,mcovetfx@auda.org.au,Female,70 Pond Junction
575,Town,Seelbach,tseelbachfy@tumblr.com,Genderfluid,83699 John Wall Hill
576,Alisa,Seager,aseagerfz@weather.com,Female,86 Weeping Birch Point
577,Davie,Dwelley,ddwelleyg0@google.com.au,Male,2385 Almo Road
578,Jeremy,Tilling,jtillingg1@goo.ne.jp,Male,2577 Ronald Regan Park
579,Hetty,Joseland,hjoselandg2@java.com,Female,2 Basil Avenue
580,Horatius,Meneghi,hmeneghig3@nytimes.com,Male,14649 Bluejay Pass
581,Emera,Rime,erimeg4@slashdot.org,Female,80413 Homewood Street
582,Davis,Pollie,dpollieg5@newsvine.com,Male,38629 Brickson Park Park
583,Prescott,Linnane,plinnaneg6@imgur.com,Genderfluid,97245 Hoffman Pass
584,Ava,Rubie,arubieg7@cyberchimps.com,Female,2625 Esch Terrace
585,Phillip,Ivanchov,pivanchovg8@themeforest.net,Male,073 Lake View Road
586,Diahann,Semper,dsemperg9@fc2.com,Female,53 American Ash Avenue
587,Jonah,Massenhove,jmassenhovega@newyorker.com,Male,1 Stang Pass
588,Carley,Cheavin,ccheavingb@howstuffworks.com,Female,113 International Point
589,Tadeas,McGooch,tmcgoochgc@list-manage.com,Male,131 Pennsylvania Crossing
590,Lilla,Siggin,lsiggingd@hp.com,Female,33116 Bobwhite Pass
591,Berty,Klulisek,bklulisekge@noaa.gov,Female,18 Bunting Terrace
592,Hank,Ronaghan,hronaghangf@salon.com,Male,2817 Sutherland Junction
593,Eliza,Tinton,etintongg@ning.com,Genderqueer,77 Main Court
594,Oralle,Coggon,ocoggongh@usgs.gov,Female,223 Springs Place
595,Kaela,Purrington,kpurringtongi@sogou.com,Female,58 Cody Crossing
596,Allix,Shemwell,ashemwellgj@who.int,Female,471 Monica Street
597,Tremaine,Ordemann,tordemanngk@flavors.me,Male,040 Grover Plaza
598,Malanie,Templar,mtemplargl@constantcontact.com,Female,47 Mariners Cove Park
599,Vinson,MacCheyne,vmaccheynegm@wired.com,Male,189 Montana Crossing
600,Lettie,Ferries,lferriesgn@vkontakte.ru,Female,29427 Glendale Crossing
601,Peder,Dickings,pdickingsgo@sourceforge.net,Male,579 Petterle Avenue
602,Christoph,Amesbury,camesburygp@flavors.me,Male,27 Cascade Road
603,Rusty,Kolodziej,rkolodziejgq@baidu.com,Male,8 Atwood Lane
604,Bobinette,D'Avaux,bdavauxgr@census.gov,Female,8 Montana Place
605,Moritz,Maudett,mmaudettgs@state.gov,Male,30658 Hoepker Court
606,Enrichetta,Cordaroy,ecordaroygt@ning.com,Female,9456 Tomscot Terrace
607,Khalil,Ovington,kovingtongu@princeton.edu,Male,2 Mesta Lane
608,Frederick,Thornebarrow,fthornebarrowgv@jugem.jp,Male,7 Farragut Plaza
609,Nissa,Davidovics,ndavidovicsgw@seattletimes.com,Female,31024 Lunder Circle
610,Celesta,MacCarter,cmaccartergx@businesswire.com,Female,51436 Nelson Court
611,Terrill,Rival,trivalgy@amazon.co.uk,Polygender,69 Hoepker Street
612,Lind,Tours,ltoursgz@rakuten.co.jp,Male,8 Mcbride Court
613,Carree,Bowness,cbownessh0@biglobe.ne.jp,Non-binary,10535 La Follette Junction
614,Shelley,Miere,smiereh1@chron.com,Male,7 Miller Hill
615,Dana,Doyland,ddoylandh2@tiny.cc,Male,66 Sutherland Pass
616,Kennie,Lumsdon,klumsdonh3@sphinn.com,Male,10 Gale Avenue
617,Mariya,Franck,mfranckh4@zimbio.com,Female,9 Bunker Hill Alley
618,Clo,Sayes,csayesh5@hugedomains.com,Female,49103 Thierer Avenue
619,Cazzie,Kener,ckenerh6@globo.com,Male,6 Menomonie Park
620,Bethena,Dumini,bduminih7@theatlantic.com,Female,7617 Gateway Court
621,Ruddie,Kilner,rkilnerh8@smh.com.au,Male,433 Golf Course Crossing
622,Vale,Byne,vbyneh9@sitemeter.com,Female,76 Nova Street
623,Faye,Dictus,fdictusha@instagram.com,Female,63163 Victoria Court
624,Quentin,Tantum,qtantumhb@facebook.com,Agender,446 Melrose Park
625,Giorgio,Dwire,gdwirehc@dyndns.org,Male,8 Leroy Terrace
626,Fidelio,Androck,fandrockhd@omniture.com,Male,3 Forest Dale Way
627,Jenny,Kobelt,jkobelthe@wikipedia.org,Female,7 Coolidge Drive
628,Chiquia,Parysiak,cparysiakhf@latimes.com,Polygender,23 Magdeline Point
629,Malia,Riccio,mricciohg@goo.gl,Female,3 Badeau Junction
630,Isabel,Handford,ihandfordhh@nhs.uk,Female,960 Grasskamp Road
631,Reiko,Stacy,rstacyhi@merriam-webster.com,Female,64594 Hanson Way
632,Aindrea,Cicculi,acicculihj@google.cn,Female,962 Messerschmidt Pass
633,Silas,Smewings,ssmewingshk@weibo.com,Male,3 Warner Alley
634,Kaja,Harpur,kharpurhl@meetup.com,Genderfluid,8 Moose Drive
635,Talia,Iffland,tifflandhm@wp.com,Polygender,7267 Talmadge Avenue
636,Arvie,Grouen,agrouenhn@prweb.com,Male,4 Bartelt Terrace
637,Kristina,Tuckey,ktuckeyho@princeton.edu,Polygender,42895 Scofield Park
638,Darcy,Headrick,dheadrickhp@hp.com,Male,15135 Troy Circle
639,Merell,Filippov,mfilippovhq@ucsd.edu,Male,3 Cascade Road
640,Bert,Jeune,bjeunehr@twitpic.com,Female,0 Kings Street
641,Gian,Bergeon,gbergeonhs@google.it,Male,949 Dahle Avenue
642,Walker,Kingsman,wkingsmanht@home.pl,Bigender,68931 Holmberg Trail
643,Dionisio,Kettlesting,dkettlestinghu@hubpages.com,Male,014 Walton Terrace
644,Evan,Hintzer,ehintzerhv@uol.com.br,Male,9808 Derek Point
645,Elke,Dutteridge,edutteridgehw@blog.com,Female,3108 Prairie Rose Crossing
646,Zsazsa,Titterington,ztitteringtonhx@statcounter.com,Female,47 Lake View Alley
647,Bibbie,Gantley,bgantleyhy@instagram.com,Female,881 Esker Street
648,Dominic,Clavering,dclaveringhz@ucsd.edu,Male,5 Duke Hill
649,Ferne,Blindermann,fblindermanni0@dell.com,Female,3 Menomonie Road
650,Miguel,Heinicke,mheinickei1@un.org,Male,82 Fulton Street
651,Gilberte,Creigan,gcreigani2@tiny.cc,Female,45 Northwestern Plaza
652,Drucy,Tissiman,dtissimani3@vk.com,Female,6 Alpine Street
653,Petrina,Pessel,ppesseli4@google.it,Female,602 Melody Parkway
654,Osborn,Swadon,oswadoni5@nature.com,Male,99164 Pond Lane
655,Celeste,Leidl,cleidli6@wordpress.org,Polygender,08 Logan Crossing
656,Belle,Jolliff,bjolliffi7@unblog.fr,Female,19 Cherokee Road
657,Lisette,Booth,lboothi8@shinystat.com,Female,1842 Kedzie Terrace
658,Vachel,Skingle,vskinglei9@wikia.com,Male,2 Hanson Parkway
659,Ford,Sygrove,fsygroveia@goo.ne.jp,Male,3970 Swallow Pass
660,Astrix,Symms,asymmsib@over-blog.com,Female,87 Clyde Gallagher Alley
661,Napoleon,Deeson,ndeesonic@wordpress.org,Male,873 Holy Cross Crossing
662,Manfred,Gamwell,mgamwellid@europa.eu,Male,750 Michigan Parkway
663,Woodie,Masson,wmassonie@wufoo.com,Male,566 5th Plaza
664,Dennison,Duffree,dduffreeif@themeforest.net,Male,77 Kenwood Road
665,Hartley,Boorman,hboormanig@pagesperso-orange.fr,Male,9478 Buena Vista Parkway
666,Faber,Varker,fvarkerih@godaddy.com,Male,81 Sundown Avenue
667,Marina,Wiersma,mwiersmaii@umich.edu,Female,81942 Grayhawk Trail
668,Elisha,Seery,eseeryij@nsw.gov.au,Female,73247 Bunting Center
669,Osmund,Gabbetis,ogabbetisik@google.com,Male,36047 Pierstorff Terrace
670,Aubrey,Novacek,anovacekil@businessinsider.com,Male,75806 Gale Crossing
671,Nikolaos,Haucke,nhauckeim@va.gov,Male,3346 Dryden Road
672,Jacquetta,Gallaher,jgallaherin@nytimes.com,Female,04889 Steensland Court
673,Mirilla,Akram,makramio@un.org,Female,7135 Hanson Crossing
674,Doralin,Eisak,deisakip@blog.com,Female,61915 Erie Lane
675,Maxwell,Carhart,mcarhartiq@odnoklassniki.ru,Male,6 Annamark Pass
676,Scotti,Willard,swillardir@cnn.com,Male,57622 7th Avenue
677,Katie,Eyre,keyreis@51.la,Female,5 Rieder Circle
678,Clarine,Pache,cpacheit@typepad.com,Female,8922 Coleman Junction
679,Syd,Amaya,samayaiu@rambler.ru,Male,18109 High Crossing Hill
680,Antoinette,Kingett,akingettiv@purevolume.com,Female,8530 Forster Plaza
681,Brietta,Vido,bvidoiw@noaa.gov,Female,620 Spohn Avenue
682,Petronia,Bruhke,pbruhkeix@apple.com,Non-binary,24755 Jana Terrace
683,Laughton,Wiltshier,lwiltshieriy@reddit.com,Male,969 Lakeland Avenue
684,Heddi,McMorland,hmcmorlandiz@vimeo.com,Female,357 Onsgard Lane
685,Patin,Andriveau,pandriveauj0@bandcamp.com,Male,8843 Center Road
686,Giraldo,Satyford,gsatyfordj1@bloglines.com,Agender,0 Ramsey Road
687,Hayley,Austwick,haustwickj2@ask.com,Female,43272 Bultman Park
688,Halette,Fallows,hfallowsj3@sakura.ne.jp,Female,2 Claremont Road
689,Del,Tembey,dtembeyj4@marriott.com,Male,8 Oak Valley Street
690,Gregoire,Siege,gsiegej5@vimeo.com,Male,68580 Manley Junction
691,Dody,Belsher,dbelsherj6@zdnet.com,Female,8 Gerald Alley
692,Kurtis,Murrigans,kmurrigansj7@yelp.com,Male,78798 Dixon Alley
693,Cheslie,Hesser,chesserj8@usgs.gov,Female,1 Hoffman Circle
694,Lewie,Vedenisov,lvedenisovj9@wordpress.com,Male,95 Kennedy Pass
695,Libby,Grishakov,lgrishakovja@blogtalkradio.com,Female,049 Continental Street
696,Marcus,Williamson,mwilliamsonjb@edublogs.org,Male,12773 Pierstorff Pass
697,Elsey,Olander,eolanderjc@ow.ly,Bigender,8 Dexter Plaza
698,Chevalier,Galia,cgaliajd@smh.com.au,Male,4 Fairview Hill
699,Windham,Giorgeschi,wgiorgeschije@flavors.me,Male,762 Del Sol Junction
700,Chet,Niesing,cniesingjf@storify.com,Male,867 Towne Alley
701,Andie,Wordsley,awordsleyjg@biglobe.ne.jp,Female,17601 Ramsey Center
702,Putnam,Tongs,ptongsjh@liveinternet.ru,Male,29 Holy Cross Circle
703,Karlie,Goulbourn,kgoulbournji@nydailynews.com,Female,1 Vernon Park
704,Orelle,Stovine,ostovinejj@ifeng.com,Female,5606 6th Terrace
705,Tamarra,Melvin,tmelvinjk@seattletimes.com,Female,01 Gale Point
706,Any,Olivelli,aolivellijl@nsw.gov.au,Male,74 Texas Circle
707,Gardener,Alishoner,galishonerjm@123-reg.co.uk,Polygender,82235 Calypso Terrace
708,Bron,Carstairs,bcarstairsjn@zdnet.com,Male,9 Waywood Court
709,Chery,Offin,coffinjo@hostgator.com,Female,78 Cordelia Lane
710,Willamina,Espinola,wespinolajp@godaddy.com,Female,91 Kipling Court
711,Archaimbaud,Huston,ahustonjq@wikispaces.com,Male,0899 Blackbird Street
712,Vi,Denisovich,vdenisovichjr@gmpg.org,Female,07831 Texas Terrace
713,Isidro,Thebe,ithebejs@behance.net,Male,1 Talmadge Avenue
714,Merrill,Humphery,mhumpheryjt@japanpost.jp,Female,7533 Tennessee Park
715,Lucias,Cattroll,lcattrollju@fda.gov,Male,5 Village Green Trail
716,Paddie,Enterlein,penterleinjv@weebly.com,Male,12 Arkansas Circle
717,Wrennie,Shevlin,wshevlinjw@trellian.com,Female,6 Fallview Park
718,Bronny,Cawsey,bcawseyjx@ucoz.com,Male,1 Vernon Trail
719,Udale,Schuck,uschuckjy@bandcamp.com,Agender,51 Merry Pass
720,Sauveur,Klemencic,sklemencicjz@tumblr.com,Male,05 Shasta Terrace
721,Menard,Warbeys,mwarbeysk0@lycos.com,Male,88 Crest Line Center
722,Carolynn,Grewer,cgrewerk1@goodreads.com,Female,3 Oxford Court
723,Kort,Gerritsma,kgerritsmak2@meetup.com,Male,8433 Blue Bill Park Point
724,Duffy,Simioni,dsimionik3@unesco.org,Male,65847 Heffernan Lane
725,Aretha,Bools,aboolsk4@liveinternet.ru,Female,586 Lotheville Pass
726,Felizio,Kilpatrick,fkilpatrickk5@auda.org.au,Male,5821 Mockingbird Avenue
727,Barbabas,Slark,bslarkk6@theatlantic.com,Male,86084 Sugar Park
728,Gibbie,Merrin,gmerrink7@cpanel.net,Male,533 Boyd Road
729,Wilt,Furneaux,wfurneauxk8@tamu.edu,Male,72 Westridge Lane
730,Nelly,Horstead,nhorsteadk9@vkontakte.ru,Female,953 Paget Court
731,Zuzana,Patria,zpatriaka@t-online.de,Female,84872 Steensland Road
732,Audi,Henzley,ahenzleykb@wordpress.org,Female,033 Dixon Parkway
733,Ethelbert,Dash,edashkc@topsy.com,Male,568 Havey Lane
734,Vassily,Storry,vstorrykd@reddit.com,Male,37581 Sachs Alley
735,Hill,Potteridge,hpotteridgeke@wix.com,Male,2906 Brentwood Point
736,Trevar,Pittford,tpittfordkf@nyu.edu,Male,16 Manufacturers Trail
737,Oliver,Moulton,omoultonkg@arstechnica.com,Male,319 Novick Point
738,Allison,Mottinelli,amottinellikh@webs.com,Female,398 Boyd Parkway
739,Wilburt,Shepeard,wshepeardki@typepad.com,Male,63 Randy Park
740,Tobe,Phaup,tphaupkj@guardian.co.uk,Male,48699 Ronald Regan Alley
741,Mariellen,Hargroves,mhargroveskk@google.it,Female,59 Sherman Point
742,Caty,Letcher,cletcherkl@furl.net,Female,276 Dayton Crossing
743,Vanni,Heading,vheadingkm@bing.com,Female,0 Weeping Birch Drive
744,Lia,Colicot,lcolicotkn@behance.net,Female,9 Schurz Terrace
745,Bobby,Andrick,bandrickko@google.cn,Female,56665 Pepper Wood Drive
746,Irwinn,Blore,iblorekp@hc360.com,Agender,7182 Kinsman Street
747,Stirling,Garretson,sgarretsonkq@buzzfeed.com,Male,81023 Waubesa Center
748,Tessa,Crus,tcruskr@fema.gov,Female,7202 Chinook Junction
749,Giustino,Tregunnah,gtregunnahks@arstechnica.com,Male,3 Menomonie Plaza
750,Merv,Swetmore,mswetmorekt@php.net,Male,0 Commercial Trail
751,Carey,Heathfield,cheathfieldku@noaa.gov,Male,7551 Bay Park
752,Nonna,Everitt,neverittkv@sun.com,Female,7 Helena Point
753,Dolorita,Aindriu,daindriukw@de.vu,Female,18874 Derek Lane
754,Brinn,Sommerville,bsommervillekx@cmu.edu,Female,8 Everett Center
755,May,Sugge,msuggeky@biglobe.ne.jp,Female,492 Stoughton Terrace
756,Jamal,Boog,jboogkz@wikispaces.com,Male,0879 Clarendon Plaza
757,Marti,Aldwinckle,maldwincklel0@dedecms.com,Female,0 Bashford Street
758,Thorsten,Ingle,tinglel1@state.gov,Male,27 Vahlen Road
759,Rolando,Simonich,rsimonichl2@jimdo.com,Male,02788 Corscot Terrace
760,Renard,Bartleman,rbartlemanl3@so-net.ne.jp,Polygender,764 Old Shore Parkway
761,Marja,Wilcock,mwilcockl4@freewebs.com,Female,959 Mosinee Point
762,Emmett,Winsper,ewinsperl5@usa.gov,Male,46 Charing Cross Hill
763,Jarid,Pymm,jpymml6@imgur.com,Male,5 Hoepker Center
764,Pauletta,Trelevan,ptrelevanl7@1und1.de,Female,52705 Main Parkway
765,Peria,Phair,pphairl8@privacy.gov.au,Non-binary,8 Lien Way
766,Louisette,Fidelus,lfidelusl9@toplist.cz,Female,28935 1st Crossing
767,Ahmed,Corhard,acorhardla@is.gd,Male,5977 Packers Avenue
768,Melodie,Slides,mslideslb@mozilla.com,Female,377 Old Shore Way
769,Lola,Betteridge,lbetteridgelc@nba.com,Female,1 Kenwood Plaza
770,Fleming,Brazenor,fbrazenorld@multiply.com,Bigender,238 Colorado Road
771,Madison,Parfrey,mparfreyle@comsenz.com,Agender,17757 Bay Lane
772,Dene,Tine,dtinelf@cnn.com,Male,175 Eastlawn Parkway
773,Carlynn,Spirritt,cspirrittlg@sfgate.com,Female,9 Village Green Terrace
774,Cindra,Woodworth,cwoodworthlh@furl.net,Female,61535 Superior Way
775,Peggy,Shearwood,pshearwoodli@ustream.tv,Female,6 Farmco Circle
776,Derek,Trevear,dtrevearlj@linkedin.com,Male,2 Stuart Avenue
777,Ailis,Lydiate,alydiatelk@example.com,Female,14116 Lawn Drive
778,Roderick,Jagels,rjagelsll@ovh.net,Male,9677 Mayer Drive
779,Alyson,Kelinge,akelingelm@so-net.ne.jp,Female,47 Merchant Park
780,Zechariah,Largen,zlargenln@pen.io,Genderqueer,06 Milwaukee Plaza
781,Livia,Chatteris,lchatterislo@shop-pro.jp,Female,71 Starling Way
782,Leroi,Defont,ldefontlp@shareasale.com,Male,16 Surrey Point
783,Hanny,Offener,hoffenerlq@mail.ru,Female,17842 Park Meadow Center
784,Camille,Mallabar,cmallabarlr@hugedomains.com,Female,62 Sachs Lane
785,Ephrem,O Mullen,eomullenls@rediff.com,Male,6707 Northfield Lane
786,Kori,Bromehed,kbromehedlt@github.com,Female,77009 Birchwood Junction
787,Jess,Isgate,jisgatelu@xrea.com,Male,176 Annamark Parkway
788,Ara,Hully,ahullylv@networkadvertising.org,Male,1802 Sycamore Junction
789,Leora,Capper,lcapperlw@domainmarket.com,Female,29 Forest Dale Street
790,Emmery,Portlock,eportlocklx@yahoo.com,Male,1428 Kennedy Hill
791,Corinne,Feld,cfeldly@clickbank.net,Female,8 Brickson Park Drive
792,Pamela,Hughson,phughsonlz@cafepress.com,Female,29 Eagle Crest Road
793,Amalie,Pioli,apiolim0@mit.edu,Female,38 Monterey Pass
794,Ring,Speller,rspellerm1@nytimes.com,Male,019 Cody Way
795,Algernon,Haily,ahailym2@tiny.cc,Male,1 Carey Center
796,Bobbette,Vasilischev,bvasilischevm3@fc2.com,Female,3 Sunnyside Trail
797,Taite,Batter,tbatterm4@google.pl,Male,952 Laurel Parkway
798,Freedman,Slator,fslatorm5@google.com.au,Male,962 Blackbird Alley
799,Murray,Warlowe,mwarlowem6@macromedia.com,Male,1 Rusk Point
800,Melissa,McPeck,mmcpeckm7@twitter.com,Female,6293 Charing Cross Alley
801,Luciana,Mollnar,lmollnarm8@arstechnica.com,Female,65 Merchant Street
802,Diandra,Klawi,dklawim9@booking.com,Female,16 Harbort Place
803,Alleen,Downer,adownerma@uiuc.edu,Female,1864 Boyd Street
804,Ainslie,Nickless,anicklessmb@wix.com,Female,8 Lakewood Terrace
805,Rudolfo,Von Der Empten,rvonderemptenmc@gov.uk,Male,19370 Morrow Plaza
806,Pavia,Giacopazzi,pgiacopazzimd@nationalgeographic.com,Female,2639 Bowman Plaza
807,Morlee,Whitelock,mwhitelockme@usa.gov,Male,23 Oakridge Center
808,Talbot,Kail,tkailmf@is.gd,Male,087 Delladonna Junction
809,Wilone,Mawdsley,wmawdsleymg@buzzfeed.com,Female,56347 Forest Run Circle
810,Pam,Treherne,ptrehernemh@unesco.org,Female,872 Calypso Avenue
811,Phylys,MacGettigen,pmacgettigenmi@miibeian.gov.cn,Female,5872 Mesta Place
812,Hermann,Sustins,hsustinsmj@nyu.edu,Male,7181 Independence Park
813,Bailie,Djorevic,bdjorevicmk@livejournal.com,Male,217 Clove Circle
814,Yul,Jayume,yjayumeml@slashdot.org,Male,9395 Helena Junction
815,Harris,Annion,hannionmm@economist.com,Male,44427 Veith Terrace
816,Maribeth,Fitchet,mfitchetmn@netscape.com,Female,75451 Mcguire Place
817,Allard,Northcliffe,anorthcliffemo@g.co,Male,66 Mandrake Trail
818,Bren,Digby,bdigbymp@army.mil,Female,18 Westport Drive
819,Salome,Fosbraey,sfosbraeymq@google.cn,Female,712 Bayside Hill
820,Bobina,Mottinelli,bmottinellimr@theatlantic.com,Female,7006 Union Pass
821,Martin,Dacey,mdaceyms@msn.com,Male,0569 Banding Alley
822,Katharine,Fletcher,kfletchermt@aol.com,Female,4439 Forest Dale Circle
823,Lazaro,Nelthrop,lnelthropmu@merriam-webster.com,Male,2 Esker Circle
824,Saunderson,MacPike,smacpikemv@dmoz.org,Male,9567 Oneill Alley
825,Orren,Lundbech,olundbechmw@slate.com,Male,26 Sycamore Point
826,Brock,Puig,bpuigmx@google.ca,Male,811 Magdeline Hill
827,Hartwell,Skeermer,hskeermermy@simplemachines.org,Male,7687 Meadow Vale Junction
828,Allene,Marion,amarionmz@utexas.edu,Female,3338 Talmadge Road
829,Humfrid,Matthis,hmatthisn0@istockphoto.com,Male,0 Crownhardt Alley
830,Lauren,Bielby,lbielbyn1@scientificamerican.com,Male,52 Lindbergh Avenue
831,Cliff,Hallybone,challybonen2@washingtonpost.com,Male,6 Katie Circle
832,Kleon,Castagnasso,kcastagnasson3@1688.com,Male,108 Heffernan Alley
833,Farrell,Buckberry,fbuckberryn4@nationalgeographic.com,Genderfluid,51 Artisan Way
834,Bram,Gravener,bgravenern5@amazon.co.uk,Male,528 Bashford Lane
835,Willette,Towriss,wtowrissn6@mozilla.com,Female,6897 Lighthouse Bay Point
836,Aldon,Shepley,ashepleyn7@uiuc.edu,Male,300 Heffernan Plaza
837,Gigi,McCreadie,gmccreadien8@bizjournals.com,Female,77705 Farmco Drive
838,Lyon,Washbrook,lwashbrookn9@xing.com,Male,1525 Golf Terrace
839,Bellanca,Newlove,bnewlovena@exblog.jp,Female,2276 Starling Road
840,Ward,Ness,wnessnb@nih.gov,Male,8 Larry Circle
841,Clive,Siddle,csiddlenc@cam.ac.uk,Male,52 Eagan Crossing
842,Annabelle,Richardon,arichardonnd@a8.net,Female,76 Toban Pass
843,Alister,Spinnace,aspinnacene@mozilla.org,Male,2 Orin Hill
844,Flor,Brant,fbrantnf@usgs.gov,Female,55 Sundown Crossing
845,Emmye,Josebury,ejoseburyng@drupal.org,Female,9 Ronald Regan Terrace
846,Boycey,Corkel,bcorkelnh@nasa.gov,Male,34 5th Drive
847,Byron,Pool,bpoolni@umn.edu,Bigender,061 Loomis Circle
848,Didi,Attkins,dattkinsnj@sfgate.com,Genderqueer,28731 Dovetail Parkway
849,Greggory,Docwra,gdocwrank@weather.com,Male,834 Valley Edge Hill
850,Ches,Ashton,cashtonnl@hibu.com,Male,230 Chinook Trail
851,Chaddie,Clarkson,cclarksonnm@yellowbook.com,Male,36 Forster Hill
852,Lianna,Bauldrey,lbauldreynn@edublogs.org,Female,9 Esch Drive
853,Clotilda,Pinniger,cpinnigerno@gravatar.com,Non-binary,171 Vermont Trail
854,Gerri,Kearn,gkearnnp@xinhuanet.com,Polygender,099 Clemons Way
855,Abdul,Mauditt,amaudittnq@de.vu,Male,437 Rigney Plaza
856,Leigha,Sanzio,lsanzionr@vinaora.com,Female,78534 Grasskamp Point
857,Keelby,Georghiou,kgeorghiouns@bizjournals.com,Male,453 Blackbird Junction
858,Aretha,Pancoast,apancoastnt@dion.ne.jp,Female,0 Hoepker Junction
859,Jessie,Grinval,jgrinvalnu@networksolutions.com,Female,26 Arrowood Place
860,Roxine,Ames,ramesnv@biglobe.ne.jp,Female,20243 Farragut Drive
861,Natty,Comsty,ncomstynw@alibaba.com,Female,3 Oak Lane
862,Damara,Cave,dcavenx@intel.com,Female,91 Summer Ridge Terrace
863,Philly,Ivanyushin,pivanyushinny@house.gov,Female,6537 Lindbergh Street
864,Anastasie,Milliken,amillikennz@nasa.gov,Female,579 Eastlawn Plaza
865,Hamilton,Breckwell,hbreckwello0@simplemachines.org,Male,21236 Northport Pass
866,Hannah,Wride,hwrideo1@ebay.com,Female,42574 Annamark Lane
867,Bryanty,Ascough,bascougho2@ted.com,Male,9 Crowley Lane
868,Natala,Mulhall,nmulhallo3@cbslocal.com,Female,3 Ohio Parkway
869,Denyse,Charrington,dcharringtono4@163.com,Female,603 Goodland Trail
870,Rozamond,Nestle,rnestleo5@tiny.cc,Female,764 Ridgeway Point
871,Ariadne,Effemy,aeffemyo6@flickr.com,Female,51138 Manufacturers Court
872,Percy,Faulconbridge,pfaulconbridgeo7@va.gov,Male,6383 Jenifer Terrace
873,Marlo,Tinner,mtinnero8@wiley.com,Female,7 Del Sol Court
874,Dani,Lowrey,dlowreyo9@census.gov,Female,01 Prentice Hill
875,Melisse,Cassell,mcasselloa@prweb.com,Female,1 Crest Line Terrace
876,Leandra,Ridd,lriddob@dot.gov,Female,9984 Forest Dale Court
877,Steffen,Chanter,schanteroc@home.pl,Male,1225 Artisan Center
878,Frederigo,Files,ffilesod@seattletimes.com,Male,24157 Orin Lane
879,Claire,Rickesies,crickesiesoe@oracle.com,Female,9856 Boyd Street
880,Nealson,Norman,nnormanof@amazon.co.uk,Male,04 Center Road
881,Pandora,MacEvilly,pmacevillyog@flavors.me,Female,3497 Tennyson Point
882,Way,Culleton,wculletonoh@miitbeian.gov.cn,Genderfluid,61799 1st Pass
883,Gay,Emney,gemneyoi@usda.gov,Female,5 Dayton Trail
884,Tobin,Cosbey,tcosbeyoj@cnbc.com,Male,33 Hollow Ridge Way
885,Idalina,Desmond,idesmondok@reuters.com,Polygender,4 Tony Crossing
886,Verina,Kinnett,vkinnettol@google.ru,Female,7159 Becker Place
887,Glennis,McGuinness,gmcguinnessom@timesonline.co.uk,Female,0970 Vera Lane
888,Laney,Assinder,lassinderon@xing.com,Male,82 Chive Hill
889,Giffy,Sabatier,gsabatieroo@cornell.edu,Male,49 Coleman Junction
890,Karlyn,Frost,kfrostop@istockphoto.com,Female,00 Crownhardt Street
891,Merna,Ruffli,mrufflioq@icio.us,Female,23 Shopko Pass
892,Garvin,Labroue,glabroueor@istockphoto.com,Male,8 Muir Center
893,Brewer,Dilliway,bdilliwayos@xinhuanet.com,Male,3 Melvin Way
894,Olivia,Merredy,omerredyot@blogspot.com,Female,787 Cody Alley
895,Ricky,McDuall,rmcduallou@amazonaws.com,Female,7187 Mandrake Alley
896,Rickard,Colegate,rcolegateov@wix.com,Male,3549 Holy Cross Place
897,Ardys,Mulqueen,amulqueenow@cyberchimps.com,Female,50 Bashford Court
898,Barbabas,De Mattia,bdemattiaox@altervista.org,Bigender,7 Graceland Pass
899,Elissa,Worsom,eworsomoy@oracle.com,Non-binary,693 Hudson Place
900,Laurianne,Penke,lpenkeoz@wiley.com,Female,077 Park Meadow Place
901,Wynn,Confait,wconfaitp0@sphinn.com,Female,80477 Nancy Alley
902,Lockwood,Turfin,lturfinp1@soundcloud.com,Male,8045 Vernon Drive
903,Pammy,Bosma,pbosmap2@ucsd.edu,Female,98987 Becker Alley
904,Aubrie,Shelf,ashelfp3@intel.com,Female,6130 Marcy Park
905,Beau,Richardes,brichardesp4@shop-pro.jp,Male,47420 Kropf Circle
906,Winni,Timberlake,wtimberlakep5@constantcontact.com,Female,17304 Surrey Parkway
907,Delmar,Roalfe,droalfep6@pbs.org,Male,87 Holmberg Avenue
908,Salli,Forrestill,sforrestillp7@unblog.fr,Female,42351 Pond Road
909,Daisi,Rodnight,drodnightp8@livejournal.com,Female,3 Birchwood Circle
910,Lyndell,Davenall,ldavenallp9@economist.com,Female,39 Dryden Park
911,Cullen,Ramshay,cramshaypa@newyorker.com,Male,90 Autumn Leaf Circle
912,Benji,Willerson,bwillersonpb@rambler.ru,Male,80257 Ryan Avenue
913,Waylan,Codi,wcodipc@berkeley.edu,Male,28858 Claremont Point
914,Antonius,Swyndley,aswyndleypd@chron.com,Male,0518 Mendota Place
915,Avis,Impy,aimpype@163.com,Female,8994 Ridgeway Road
916,Cordi,Georghiou,cgeorghioupf@youtube.com,Female,48696 Vahlen Junction
917,Rebbecca,Hannum,rhannumpg@topsy.com,Female,8352 Butternut Center
918,Norbert,Sarsons,nsarsonsph@bravesites.com,Male,80 Fisk Place
919,Francisca,Kinnane,fkinnanepi@reddit.com,Agender,8974 Monument Court
920,Jerri,Dollar,jdollarpj@ca.gov,Male,241 Monica Plaza
921,Bartie,Beaston,bbeastonpk@soup.io,Male,3450 Stoughton Junction
922,Odella,Grouse,ogrousepl@mozilla.com,Female,31 Mitchell Junction
923,Deina,Addicote,daddicotepm@amazon.co.jp,Female,25 Drewry Point
924,Kelsey,Kenlin,kkenlinpn@feedburner.com,Male,13621 4th Lane
925,Gussy,Seston,gsestonpo@ustream.tv,Polygender,2974 Village Green Parkway
926,Ruben,Woodberry,rwoodberrypp@google.com.br,Male,83069 Thierer Drive
927,Gwenni,Bielfeld,gbielfeldpq@altervista.org,Female,26 Linden Road
928,Birk,Coules,bcoulespr@phpbb.com,Male,107 Johnson Hill
929,Ive,Weinham,iweinhamps@businessinsider.com,Male,41015 Kennedy Parkway
930,Austin,Haycox,ahaycoxpt@oracle.com,Male,546 Schiller Avenue
931,Trumann,Skevington,tskevingtonpu@about.com,Male,50989 Dahle Crossing
932,Hurleigh,Trayford,htrayfordpv@blog.com,Male,19293 Lien Terrace
933,Delbert,Rizziello,drizziellopw@stumbleupon.com,Male,6 Haas Hill
934,Munmro,Slimmon,mslimmonpx@com.com,Male,42073 Everett Circle
935,Conrado,Seargeant,cseargeantpy@geocities.jp,Male,18195 Waxwing Lane
936,Maible,Noble,mnoblepz@last.fm,Female,4527 Di Loreto Drive
937,Dana,Chaulk,dchaulkq0@odnoklassniki.ru,Female,1 Melvin Park
938,Clifford,Skelcher,cskelcherq1@cloudflare.com,Male,382 Sunfield Point
939,Hobart,Penner,hpennerq2@icio.us,Male,0 Caliangt Plaza
940,Marion,Golding,mgoldingq3@mashable.com,Male,96707 Bellgrove Drive
941,Rita,Von Brook,rvonbrookq4@adobe.com,Female,51994 Roth Drive
942,Rance,Glaserman,rglasermanq5@is.gd,Male,2940 Starling Circle
943,Rodolph,Vibert,rvibertq6@gizmodo.com,Male,778 Pepper Wood Point
944,Henrieta,Josephov,hjosephovq7@intel.com,Female,5194 Kings Drive
945,Madalyn,Ingleby,minglebyq8@multiply.com,Female,74 Di Loreto Center
946,Stanton,Vynall,svynallq9@csmonitor.com,Male,0 Roth Street
947,Vallie,Dod,vdodqa@histats.com,Female,32634 Debs Pass
948,Rafaello,Tomankowski,rtomankowskiqb@hubpages.com,Male,23030 Sachtjen Road
949,Aubine,McNaught,amcnaughtqc@posterous.com,Female,8 Muir Crossing
950,Amalie,Bohden,abohdenqd@prlog.org,Female,36209 Moulton Center
951,Ambros,Beautyman,abeautymanqe@nih.gov,Male,381 Novick Parkway
952,Greta,Bowe,gboweqf@ameblo.jp,Female,4 Village Green Trail
953,Binky,Baine,bbaineqg@e-recht24.de,Genderqueer,835 Drewry Terrace
954,Debee,MacComiskey,dmaccomiskeyqh@ft.com,Non-binary,5 Saint Paul Junction
955,Phyllida,McKibben,pmckibbenqi@microsoft.com,Agender,6 Jenna Avenue
956,Lyndsey,Marchington,lmarchingtonqj@squidoo.com,Female,72 Kensington Avenue
957,Ardisj,Forri,aforriqk@zdnet.com,Genderfluid,0 Red Cloud Drive
958,Florance,Gippes,fgippesql@fastcompany.com,Female,6 Mitchell Trail
959,Isahella,Harrismith,iharrismithqm@arstechnica.com,Genderqueer,286 Continental Road
960,Kata,Teaser,kteaserqn@umich.edu,Female,67677 Ludington Place
961,Hillary,Flello,hflelloqo@springer.com,Male,23054 Holy Cross Place
962,Hadley,Alcock,halcockqp@fda.gov,Male,1695 Summerview Place
963,Dorelle,McGeever,dmcgeeverqq@cdbaby.com,Female,7555 Lyons Junction
964,Bax,MacAndrew,bmacandrewqr@time.com,Male,3199 New Castle Park
965,Deedee,Hindshaw,dhindshawqs@qq.com,Female,11507 Oneill Hill
966,Aileen,Newitt,anewittqt@google.co.uk,Female,72416 Ilene Parkway
967,Cymbre,Fealy,cfealyqu@youku.com,Female,05553 Chinook Road
968,Matteo,Zannelli,mzannelliqv@economist.com,Male,492 Thierer Drive
969,Justus,McComas,jmccomasqw@squidoo.com,Male,6809 Clove Avenue
970,Shanie,Kindon,skindonqx@hc360.com,Female,59918 Hoepker Center
971,Cleavland,Philps,cphilpsqy@techcrunch.com,Male,252 Grim Circle
972,Deloris,Washbrook,dwashbrookqz@scientificamerican.com,Bigender,885 Morningstar Court
973,Aldus,Woodrough,awoodroughr0@biglobe.ne.jp,Bigender,023 Manitowish Parkway
974,Hazel,Andreazzi,handreazzir1@goodreads.com,Genderqueer,14 Lakewood Road
975,Teriann,Hinkensen,thinkensenr2@last.fm,Female,06 Veith Point
976,Gaye,Going,ggoingr3@squarespace.com,Female,5679 Mifflin Alley
977,Kristy,Belone,kbeloner4@cnn.com,Female,8 Welch Road
978,Madonna,Kunze,mkunzer5@opensource.org,Female,76371 Oxford Avenue
979,Wyatan,Cockell,wcockellr6@ycombinator.com,Male,145 Clarendon Drive
980,Mariquilla,Plaskitt,mplaskittr7@msu.edu,Female,65 Caliangt Circle
981,Florri,Aldous,faldousr8@newyorker.com,Female,4244 Kensington Trail
982,Riccardo,Gavagan,rgavaganr9@discuz.net,Male,6619 Bellgrove Lane
983,Daryn,Grote,dgrotera@cnn.com,Female,4 Merrick Trail
984,Kermit,Wattam,kwattamrb@weibo.com,Male,74273 Carberry Lane
985,Eal,Hatherleigh,ehatherleighrc@independent.co.uk,Male,413 Riverside Junction
986,Rosemaria,Minmagh,rminmaghrd@comcast.net,Female,43 Crescent Oaks Place
987,Drucie,Campos,dcamposre@dell.com,Female,41 Buhler Place
988,Husein,Rayson,hraysonrf@baidu.com,Male,00 Towne Plaza
989,Abby,Gabriel,agabrielrg@edublogs.org,Male,12487 Golf Course Circle
990,Jasper,Arnot,jarnotrh@google.es,Male,8698 Goodland Parkway
991,Farlie,Luxmoore,fluxmooreri@paginegialle.it,Male,58297 Dawn Center
992,Winonah,Hacksby,whacksbyrj@tumblr.com,Female,622 Swallow Plaza
993,Viva,Gillio,vgilliork@umn.edu,Female,2 Fuller Circle
994,Zachery,Ringsell,zringsellrl@hubpages.com,Male,16 Carey Drive
995,Daniele,Marlowe,dmarlowerm@google.es,Female,447 Darwin Junction
996,Maryellen,Reach,mreachrn@cnet.com,Bigender,514 Arkansas Plaza
997,Alexine,Domenichelli,adomenichelliro@tamu.edu,Female,49 Thackeray Hill
998,Curry,Hillan,chillanrp@delicious.com,Male,13734 Birchwood Pass
999,Emmit,Danko,edankorq@home.pl,Male,851 Melrose Alley
1000,Raddie,Fleckney,rfleckneyrr@posterous.com,Male,6 Londonderry Plaza
